[{"id":"5c39f1851ab3b24f5c03e182","name":"Gan356 Air SM","url":"https://ae01.alicdn.com/kf/HTB1CSddXRxRMKJjy0Fdq6yifFXa6/Gan-356-Air-SM-3x3-Black-Magic-cube-GAN-Air-SM-Magnetic-3x3x3-Speed-cube-gans.jpg","description":"A nice cube ONE","level":"2"},{"id":"5c39f1851ab3b24f5c03e183","name":"GMagic Ass air","url":"https://www.tomvanderzanden.nl/thumb.php?f=Li9wdXp6bGVzL0hlbGljb3B0ZXIgU2tld2IvcGljMS5qcGc=&s=1200&h=68150c32f0166cc8e47266cc62920c4b","description":"A nice cube TWO","level":"4"},{"id":"5c3a6888f78d6638ec8fdad6","name":"The mighty Donald","url":"https://images-na.ssl-images-amazon.com/images/I/61izOzq%2BBAL._SY355_.jpg","description":"A nice cube THREE","level":"1"},{"id":"5c3a68d9f78d6638ec8fdad7","name":"Impossible dream","url":"https://images-na.ssl-images-amazon.com/images/I/61HpQqVQ37L._SY355_.jpg","description":"A nice cube FORTH","level":"6"},{"id":"4nvco9x0kb9tnoio","name":"Loko","description":"Plovdic","url":"http://ivo.com","level":"1"},{"id":"4nvco9x0kb9tnoiy","name":"Bezden","description":"https://ichef.bbci.co.uk/news/1024/cpsprodpb/83D7/production/_111515733_gettyimages-1208779325.jpg","url":"https://ichef.bbci.co.uk/news/1024/cpsprodpb/83D7/production/_111515733_gettyimages-1208779325.jpg","level":"1"},{"id":"4nvco9x0kb9tnoir","name":"Yonik","description":"Nice cat","url":"https://cdn.mos.cms.futurecdn.net/VSy6kJDNq2pSXsCzb6cvYF.jpg","level":"6"},{"id":"4nvco4vwkbdo8ve4","name":"qqqqq","url":"qqqq","description":"qqqqq","level":"1"},{"id":"4nvcoa1ckbdo96q5","name":"wwww","url":"https://secure.img1-fg.wfcdn.com/im/79891591/compr-r85/1902/1902870/stainless-steel-cube-end-table.jpg","description":"wwww","level":"1"},{"id":"4nvco8y4kbdobm23","name":"sssss","url":"https://secure.img1-fg.wfcdn.com/im/79891591/compr-r85/1902/1902870/stainless-steel-cube-end-table.jpg","description":"sssss","level":"1"},{"id":"4nvco9hskbdu25ys","name":"IVOOOO","url":"exeeeeeee","description":"Opaaaaa","level":"1"},{"id":"4nvco4eckbdu2x38","name":"LokoLoko","url":"https://secure.img1-fg.wfcdn.com/im/79891591/compr-r85/1902/1902870/stainless-steel-cube-end-table.jpg","description":"the best team in the world","level":"1"}]